Drop table car_images;
Drop table car;
create table IF NOT EXISTS car ( id bigint primary key AUTO_INCREMENT, car_variant varchar(255) null, color varchar(255) null, feature_id int not null, make varchar(255) null, manufacture_year int not null, model varchar(255) null, name varchar(255) null, price decimal(19, 2) not null, specification_id int not null, type varchar(255) not null );

create index idx_name on car (name);

create index idx_type_price on car (type, price);

CREATE TABLE IF NOT EXISTS `feature` ( `id` int AUTO_INCREMENT PRIMARY KEY, `has_navigation` bool, `has_bluetooth` bool, `has_rear_camera` bool, `gear_transmission` varchar(30), `width` int, `length` int, `height` int );

CREATE TABLE IF NOT EXISTS `specification` ( `id` int AUTO_INCREMENT PRIMARY KEY, `number_of_seats` int, `number_of_airbags` int, `has_abs` bool, `has_adas` bool, `warranty_years` int, `engine_HP` varchar(50), `engine_variant` varchar(100) );

alter table car modify id bigint auto_increment;

alter table car auto_increment = 100;

ALTER TABLE car ADD FOREIGN KEY (feature_id) REFERENCES feature(id);

ALTER TABLE `car` ADD FOREIGN KEY (specification_id) REFERENCES `specification` (`id`);

ALTER TABLE `image` ADD FOREIGN KEY (car_id) REFERENCES car(id);

CREATE INDEX idx_name ON car (name);

CREATE INDEX idx_type_price ON car (type, price);

# INSERT INTO image (image) VALUES ('car-pictures.com/image1.jpg'), ('car-pictures.com/image2.jpg'), ('car-pictures.com/image3.jpg'), ('car-pictures.com/image4.jpg'), ('car-pictures.com/image5.jpg');

INSERT INTO `specification` (id,number_of_seats,warranty_years,engine_HP,engine_variant,has_adas,has_abs,number_of_airbags) VALUES (1201,4,3,'189 HP, 9 cylinders','PETROL',false,true,3),(1202,3,5,'243 HP, 8 cylinders','PETROL',false,true,1),(1203,6,4,'368 HP, 5 cylinders','PETROL',true,true,3),(1204,4,4,'233 HP, 8 cylinders','PETROL',true,false,4),(1205,7,5,'265 HP, 7 cylinders','PETROL',true,false,0),(1206,7,5,'310 HP, 5 cylinders','PETROL',true,false,2),(1207,6,4,'111 HP, 4 cylinders','PETROL',true,true,3),(1208,4,5,'355 HP, 7 cylinders','PETROL',false,false,1),(1209,8,2,'400 HP, 8 cylinders','PETROL',true,false,1),(1210,7,4,'135 HP, 6 cylinders','PETROL',false,false,3),(1211,3,4,'386 HP, 7 cylinders','PETROL',false,true,1),(1212,2,5,'442 HP, 6 cylinders','PETROL',false,true,1),(1213,5,3,'444 HP, 6 cylinders','PETROL',true,true,2),(1214,3,3,'124 HP, 4 cylinders','PETROL',true,false,4),(1215,5,3,'109 HP, 5 cylinders','PETROL',false,true,2),(1216,4,5,'190 HP, 4 cylinders','PETROL',false,false,3),(1217,2,5,'270 HP, 6 cylinders','PETROL',false,true,0),(1218,6,4,'171 HP, 5 cylinders','PETROL',true,false,3),(1219,4,5,'385 HP, 8 cylinders','PETROL',false,false,2),(1220,7,3,'159 HP, 7 cylinders','PETROL',false,true,1),(1221,2,4,'466 HP, 7 cylinders','PETROL',false,false,4),(1222,8,3,'490 HP, 9 cylinders','PETROL',false,true,3),(1223,4,4,'389 HP, 4 cylinders','PETROL',true,true,0),(1224,6,2,'340 HP, 5 cylinders','PETROL',true,true,4),(1225,5,4,'377 HP, 6 cylinders','PETROL',false,false,2),(1226,8,3,'366 HP, 6 cylinders','PETROL',true,false,4),(1227,5,2,'281 HP, 7 cylinders','PETROL',false,true,0),(1228,5,5,'385 HP, 8 cylinders','PETROL',true,false,0),(1229,2,3,'284 HP, 6 cylinders','PETROL',true,false,1),(1230,5,3,'196 HP, 4 cylinders','PETROL',true,true,0),(1231,8,5,'173 HP, 9 cylinders','PETROL',false,true,4),(1232,2,4,'427 HP, 4 cylinders','PETROL',true,false,1),(1233,5,4,'149 HP, 8 cylinders','PETROL',true,false,4),(1234,3,3,'182 HP, 4 cylinders','PETROL',false,false,0),(1235,8,5,'296 HP, 9 cylinders','PETROL',true,false,2),(1236,6,4,'132 HP, 4 cylinders','PETROL',true,false,0),(1237,8,2,'272 HP, 9 cylinders','PETROL',false,true,4),(1238,4,2,'420 HP, 4 cylinders','PETROL',true,false,3),(1239,3,4,'460 HP, 8 cylinders','PETROL',true,true,4),(1240,6,5,'342 HP, 8 cylinders','PETROL',true,false,3),(1241,4,2,'167 HP, 7 cylinders','PETROL',false,false,2),(1242,8,2,'181 HP, 8 cylinders','PETROL',true,true,4),(1243,2,4,'254 HP, 6 cylinders','PETROL',true,false,1),(1244,6,4,'374 HP, 6 cylinders','PETROL',false,false,3),(1245,8,4,'147 HP, 5 cylinders','PETROL',false,false,4),(1246,3,4,'434 HP, 7 cylinders','PETROL',false,false,2),(1247,7,2,'267 HP, 7 cylinders','PETROL',false,false,1),(1248,2,4,'383 HP, 9 cylinders','PETROL',false,true,2),(1249,4,2,'439 HP, 9 cylinders','PETROL',false,false,3),(1250,5,5,'423 HP, 4 cylinders','PETROL',true,false,1),(1251,3,2,'141 HP, 4 cylinders','PETROL',false,false,0),(1252,6,5,'255 HP, 6 cylinders','PETROL',true,true,1),(1253,6,4,'496 HP, 6 cylinders','PETROL',false,false,0),(1254,8,3,'143 HP, 6 cylinders','PETROL',true,true,2),(1255,2,5,'469 HP, 9 cylinders','PETROL',true,false,4),(1256,6,5,'346 HP, 9 cylinders','PETROL',true,false,0),(1257,8,4,'239 HP, 4 cylinders','PETROL',true,true,3),(1258,5,4,'177 HP, 6 cylinders','PETROL',true,false,3),(1259,4,5,'298 HP, 8 cylinders','PETROL',true,true,2),(1260,7,4,'241 HP, 5 cylinders','PETROL',false,false,3),(1261,5,4,'208 HP, 4 cylinders','PETROL',false,true,3),(1262,5,2,'355 HP, 5 cylinders','PETROL',false,true,0),(1263,2,2,'247 HP, 5 cylinders','PETROL',false,true,0),(1264,6,5,'391 HP, 8 cylinders','PETROL',true,true,4),(1265,3,2,'363 HP, 7 cylinders','PETROL',false,false,1),(1266,7,3,'179 HP, 9 cylinders','PETROL',true,true,0),(1267,7,4,'459 HP, 5 cylinders','PETROL',true,true,2),(1268,8,4,'424 HP, 6 cylinders','PETROL',true,false,3),(1269,7,5,'367 HP, 9 cylinders','PETROL',true,false,3),(1270,2,3,'245 HP, 4 cylinders','PETROL',true,false,1),(1271,7,2,'497 HP, 6 cylinders','PETROL',false,false,3),(1272,8,5,'495 HP, 7 cylinders','PETROL',true,true,4),(1273,7,2,'424 HP, 7 cylinders','PETROL',false,false,3),(1274,6,5,'197 HP, 7 cylinders','PETROL',true,true,2),(1275,2,4,'440 HP, 6 cylinders','PETROL',true,true,1),(1276,8,3,'122 HP, 8 cylinders','PETROL',false,true,4),(1277,3,4,'414 HP, 8 cylinders','PETROL',true,false,4),(1278,2,3,'498 HP, 5 cylinders','PETROL',false,false,3),(1279,4,5,'372 HP, 4 cylinders','PETROL',false,true,0),(1280,8,4,'180 HP, 7 cylinders','PETROL',false,false,0);

INSERT INTO `feature` (id, has_navigation,has_bluetooth,has_rear_camera,gear_transmission,width,`length`,height) VALUES (1201,false,true,false,'AUTOMATIC',40,42,29),(1202,false,true,true,'AUTOMATIC',40,42,29),(1203,true,true,true,'AUTOMATIC',40,42,29),(1204,true,false,false,'AUTOMATIC',40,42,29),(1205,true,true,false,'MANUAL',40,42,29),(1206,false,true,false,'AUTOMATIC',40,42,29),(1207,true,false,true,'AUTOMATIC',40,42,29),(1208,true,false,true,'AUTOMATIC',40,42,29),(1209,true,false,false,'AUTOMATIC',40,42,29),(1210,false,true,true,'MANUAL',40,42,29),(1211,true,false,false,'AUTOMATIC',40,42,29),(1212,true,false,false,'MANUAL',40,42,29),(1213,true,false,false,'MANUAL',40,42,29),(1214,true,false,false,'MANUAL',40,42,29),(1215,true,false,true,'AUTOMATIC',40,42,29),(1216,true,false,false,'MANUAL',40,42,29),(1217,false,true,false,'MANUAL',40,42,29),(1218,false,false,false,'MANUAL',40,42,29),(1219,false,true,true,'MANUAL',40,42,29),(1220,true,false,true,'MANUAL',40,42,29),(1221,true,false,false,'MANUAL',40,42,29),(1222,false,true,false,'AUTOMATIC',40,42,29),(1223,true,true,true,'MANUAL',40,42,29),(1224,true,true,false,'AUTOMATIC',40,42,29),(1225,false,true,true,'MANUAL',40,42,29),(1226,false,true,false,'AUTOMATIC',40,42,29),(1227,false,false,false,'AUTOMATIC',40,42,29),(1228,false,true,false,'MANUAL',40,42,29),(1229,true,true,false,'AUTOMATIC',40,42,29),(1230,false,false,false,'AUTOMATIC',40,42,29),(1231,false,false,true,'MANUAL',40,42,29),(1232,true,false,false,'AUTOMATIC',40,42,29),(1233,false,true,true,'AUTOMATIC',40,42,29),(1234,false,false,true,'MANUAL',40,42,29),(1235,true,false,false,'AUTOMATIC',40,42,29),(1236,true,false,false,'MANUAL',40,42,29),(1237,false,false,true,'MANUAL',40,42,29),(1238,true,true,true,'MANUAL',40,42,29),(1239,false,false,false,'AUTOMATIC',40,42,29),(1240,false,false,false,'MANUAL',40,42,29),(1241,true,true,false,'AUTOMATIC',40,42,29),(1242,true,false,false,'AUTOMATIC',40,42,29),(1243,true,true,true,'MANUAL',40,42,29),(1244,true,true,false,'AUTOMATIC',40,42,29),(1245,true,true,false,'MANUAL',40,42,29),(1246,true,true,false,'AUTOMATIC',40,42,29),(1247,false,false,true,'MANUAL',40,42,29),(1248,true,true,true,'AUTOMATIC',40,42,29),(1249,false,true,false,'MANUAL',40,42,29),(1250,false,false,false,'AUTOMATIC',40,42,29),(1251,true,false,false,'AUTOMATIC',40,42,29),(1252,true,true,true,'MANUAL',40,42,29),(1253,true,true,true,'MANUAL',40,42,29),(1254,false,true,false,'MANUAL',40,42,29),(1255,true,false,true,'AUTOMATIC',40,42,29),(1256,false,false,true,'MANUAL',40,42,29),(1257,true,true,true,'MANUAL',40,42,29),(1258,true,true,false,'AUTOMATIC',40,42,29),(1259,false,false,true,'MANUAL',40,42,29),(1260,false,true,false,'MANUAL',40,42,29),(1261,true,false,false,'MANUAL',40,42,29),(1262,true,false,true,'MANUAL',40,42,29),(1263,true,false,true,'AUTOMATIC',40,42,29),(1264,true,false,true,'AUTOMATIC',40,42,29),(1265,true,true,true,'AUTOMATIC',40,42,29),(1266,false,true,false,'AUTOMATIC',40,42,29),(1267,true,false,true,'MANUAL',40,42,29),(1268,false,false,true,'MANUAL',40,42,29),(1269,false,true,true,'MANUAL',40,42,29),(1270,true,false,false,'AUTOMATIC',40,42,29),(1271,true,true,true,'MANUAL',40,42,29),(1272,false,false,false,'AUTOMATIC',40,42,29),(1273,true,true,true,'MANUAL',40,42,29),(1274,false,false,false,'AUTOMATIC',40,42,29),(1275,true,false,false,'MANUAL',40,42,29),(1276,false,false,true,'AUTOMATIC',40,42,29),(1277,true,true,true,'MANUAL',40,42,29),(1278,false,true,true,'AUTOMATIC',40,42,29),(1279,false,false,false,'AUTOMATIC',40,42,29),(1280,false,true,false,'AUTOMATIC',40,42,29);

INSERT INTO `car` (id, make,model,`name`,manufacture_year,color,feature_id,specification_id,price,`type`,car_variant) VALUES (10001,'Toyota','Challenger','Toyota Challenger',2024,'Gray',1201,1201,50656.19,'Pickup','Limited'),(10002,'Audi','Passat','Audi Passat',2019,'Red',1202,1202,72534.34,'Convertible','Standard'),(10003,'Volkswagen','Passat','Volkswagen Passat',2017,'Green',1203,1203,71536.08,'SUV','Limited'),(10004,'Dodge','ES 350','Dodge ES 350',2017,'Gray',1204,1204,40570.33,'Pickup','Deluxe'),(10005,'Toyota','Accord','Toyota Accord',2018,'Black',1205,1205,87572.52,'Pickup','Limited'),(10006,'Toyota','Passat','Toyota Passat',2024,'Yellow',1206,1206,73985.84,'Sedan','Standard'),(10007,'Ford','A3','Ford A3',2024,'Green',1207,1207,31909.56,'Pickup','Standard'),(10008,'Honda','Passat','Honda Passat',2017,'Gray',1208,1208,35313.38,'Pickup','Sport'),(10009,'Subaru','Mustang','Subaru Mustang',2022,'Yellow',1209,1209,78709.10,'Sedan','Limited'),(10010,'Nissan','Passat','Nissan Passat',2017,'Blue',1210,1210,82070.07,'Hatchback','Standard'),(10011,'Nissan','Corolla','Nissan Corolla',2017,'Green',1211,1211,85466.93,'Sports car','Sport'),(10012,'Chevrolet','Civic','Chevrolet Civic',2017,'Red',1212,1212,35763.59,'Van','Standard'),(10013,'Kia','GLC-Class','Kia GLC-Class',2022,'Yellow',1213,1213,63414.79,'Coupe','Sport'),(10014,'Dodge','Wrangler','Dodge Wrangler',2020,'Silver',1214,1214,56477.28,'Van','Standard'),(10015,'BMW','F-150','BMW F-150',2019,'Silver',1215,1215,66913.04,'Van','Limited'),(10016,'Toyota','X5','Toyota X5',2021,'Yellow',1216,1216,55581.98,'Hatchback','Limited'),(10017,'Lexus','Tahoe','Lexus Tahoe',2023,'Yellow',1217,1217,77431.82,'Pickup','Sport'),(10018,'Toyota','A3','Toyota A3',2021,'Blue',1218,1218,52968.55,'Hatchback','Limited'),(10019,'Mercedes-Benz','CX-5','Mercedes-Benz CX-5',2019,'Yellow',1219,1219,38836.20,'SUV','Deluxe'),(10020,'Kia','Altima','Kia Altima',2023,'Black',1220,1220,65571.40,'Convertible','Deluxe'),(10021,'Nissan','Soul','Nissan Soul',2023,'Yellow',1221,1221,81978.44,'Pickup','Standard'),(10022,'Kia','A3','Kia A3',2022,'Blue',1222,1222,76871.45,'Sports car','Deluxe'),(10023,'Toyota','Passat','Toyota Passat',2020,'Blue',1223,1223,52736.43,'Sports car','Sport'),(10024,'Lexus','ES 350','Lexus ES 350',2022,'Orange',1224,1224,51920.36,'Sedan','Standard'),(10025,'Ford','Tahoe','Ford Tahoe',2022,'Gray',1225,1225,65745.69,'Van','Sport'),(10026,'Hyundai','Challenger','Hyundai Challenger',2024,'Gray',1226,1226,66021.56,'Coupe','Standard'),(10027,'Lexus','Tahoe','Lexus Tahoe',2024,'Red',1227,1227,54461.02,'Convertible','Standard'),(10028,'BMW','Santa Fe','BMW Santa Fe',2018,'Gray',1228,1228,61248.06,'Hatchback','Standard'),(10029,'Jeep','Santa Fe','Jeep Santa Fe',2017,'Gray',1229,1229,80086.54,'Coupe','Deluxe'),(10030,'Hyundai','A3','Hyundai A3',2024,'Red',1230,1230,23517.23,'Sports car','Limited'),(10031,'Ford','X5','Ford X5',2020,'Silver',1231,1231,54829.81,'Wagon','Sport'),(10032,'Audi','Mustang','Audi Mustang',2022,'White',1232,1232,63303.05,'Hatchback','Standard'),(10033,'Lexus','Santa Fe','Lexus Santa Fe',2023,'Gray',1233,1233,76452.39,'Convertible','Sport'),(10034,'Volkswagen','A3','Volkswagen A3',2019,'Black',1234,1234,40395.31,'Pickup','Deluxe'),(10035,'Ford','Challenger','Ford Challenger',2021,'Blue',1235,1235,59905.26,'Pickup','Standard'),(10036,'BMW','Outback','BMW Outback',2020,'White',1236,1236,42748.06,'Convertible','Standard'),(10037,'Subaru','Impala','Subaru Impala',2021,'Orange',1237,1237,58013.88,'Sports car','Sport'),(10038,'Toyota','X5','Toyota X5',2019,'Blue',1238,1238,44800.89,'Sedan','Limited'),(10039,'Jeep','Altima','Jeep Altima',2018,'White',1239,1239,54443.03,'SUV','Standard'),(10040,'Chevrolet','Camry','Chevrolet Camry',2024,'Silver',1240,1240,39426.41,'Pickup','Limited'),(10041,'Ford','C-Class','Ford C-Class',2021,'Black',1241,1241,23441.87,'Hatchback','Sport'),(10042,'Kia','GLC-Class','Kia GLC-Class',2017,'Orange',1242,1242,37832.90,'Sedan','Sport'),(10043,'Toyota','Altima','Toyota Altima',2020,'White',1243,1243,51928.66,'Coupe','Limited'),(10044,'Honda','Camry','Honda Camry',2018,'Black',1244,1244,32662.36,'Coupe','Standard'),(10045,'Mercedes-Benz','GLC-Class','Mercedes-Benz GLC-Class',2020,'Brown',1245,1245,81105.05,'Sedan','Deluxe'),(10046,'Mazda','Mustang','Mazda Mustang',2023,'Yellow',1246,1246,75077.20,'Hatchback','Deluxe'),(10047,'Volkswagen','Wrangler','Volkswagen Wrangler',2020,'Brown',1247,1247,56427.51,'Hatchback','Sport'),(10048,'Volkswagen','Passat','Volkswagen Passat',2017,'Brown',1248,1248,36715.83,'SUV','Sport'),(10049,'Mercedes-Benz','Challenger','Mercedes-Benz Challenger',2020,'Orange',1249,1249,27077.48,'Coupe','Limited'),(10050,'Chevrolet','Accord','Chevrolet Accord',2022,'Green',1250,1250,80120.69,'Convertible','Deluxe'),(10051,'Honda','Impala','Honda Impala',2019,'Blue',1251,1251,79690.59,'Wagon','Sport'),(10052,'Toyota','Altima','Toyota Altima',2021,'Green',1252,1252,22613.26,'Van','Sport'),(10053,'Lexus','Passat','Lexus Passat',2019,'Green',1253,1253,47989.49,'Sedan','Deluxe'),(10054,'Kia','Impala','Kia Impala',2020,'Gray',1254,1254,37963.84,'Convertible','Limited'),(10055,'Ford','Altima','Ford Altima',2024,'Red',1255,1255,26794.45,'Wagon','Deluxe'),(10056,'Chevrolet','CX-5','Chevrolet CX-5',2023,'Red',1256,1256,38741.24,'Van','Standard'),(10057,'Volkswagen','Camry','Volkswagen Camry',2018,'Brown',1257,1257,62076.15,'Hatchback','Limited'),(10058,'Kia','Challenger','Kia Challenger',2017,'Red',1258,1258,48258.96,'Coupe','Standard'),(10059,'Dodge','Outback','Dodge Outback',2017,'White',1259,1259,48553.34,'Van','Limited'),(10060,'Toyota','CX-5','Toyota CX-5',2023,'Yellow',1260,1260,20252.90,'Sports car','Deluxe'),(10061,'Honda','Impala','Honda Impala',2017,'Yellow',1261,1261,72988.06,'Pickup','Standard'),(10062,'Ford','Civic','Ford Civic',2018,'Silver',1262,1262,24399.11,'Pickup','Deluxe'),(10063,'Subaru','Passat','Subaru Passat',2024,'Gray',1263,1263,58314.59,'Convertible','Sport'),(10064,'Ford','GLC-Class','Ford GLC-Class',2024,'Orange',1264,1264,53341.01,'Convertible','Sport'),(10065,'Nissan','GLC-Class','Nissan GLC-Class',2017,'Blue',1265,1265,84770.01,'Coupe','Limited'),(10066,'BMW','Tahoe','BMW Tahoe',2023,'Blue',1266,1266,73524.93,'Sedan','Limited'),(10067,'Subaru','Corolla','Subaru Corolla',2022,'White',1267,1267,67100.99,'Van','Standard'),(10068,'Honda','CX-5','Honda CX-5',2021,'Red',1268,1268,26523.68,'SUV','Limited'),(10069,'Chevrolet','Wrangler','Chevrolet Wrangler',2020,'Red',1269,1269,23654.88,'Van','Sport'),(10070,'Volkswagen','C-Class','Volkswagen C-Class',2023,'White',1270,1270,56017.75,'Convertible','Deluxe'),(10071,'Hyundai','Camry','Hyundai Camry',2023,'Blue',1271,1271,27747.59,'Sedan','Limited'),(10072,'Toyota','Impala','Toyota Impala',2024,'Red',1272,1272,40424.33,'Convertible','Deluxe'),(10073,'Audi','F-150','Audi F-150',2023,'Blue',1273,1273,88266.59,'Pickup','Limited'),(10074,'Dodge','Camry','Dodge Camry',2022,'Orange',1274,1274,42677.28,'Pickup','Sport'),(10075,'Mazda','Altima','Mazda Altima',2023,'Black',1275,1275,27324.35,'Convertible','Standard'),(10076,'Chevrolet','Corolla','Chevrolet Corolla',2021,'Blue',1276,1276,32165.41,'Coupe','Sport'),(10077,'Nissan','GLC-Class','Nissan GLC-Class',2022,'Silver',1277,1277,71810.60,'Pickup','Standard'),(10078,'BMW','A3','BMW A3',2017,'Green',1278,1278,72865.89,'Sports car','Limited'),(10079,'Mazda','Passat','Mazda Passat',2020,'White',1279,1279,65154.07,'Wagon','Standard'),(10080,'Ford','C-Class','Ford C-Class',2023,'Gray',1280,1280,48904.45,'Convertible','Limited');

INSERT INTO `image` (car_id, default_image, image) VALUES (10001,true,'FFD8FFE000104A4649460001'),(10002,true,'FFD8FFE000104A4649460001'),(10003,true,'FFD8FFE000104A4649460001'),(10004,true,'FFD8FFE000104A4649460001'),(10005,true,'FFD8FFE000104A4649460001'),(10006,true,'FFD8FFE000104A4649460001'),(10007,true,'FFD8FFE000104A4649460001'),(10008,true,'FFD8FFE000104A4649460001'),(10009,true,'FFD8FFE000104A4649460001'),(10010,true,'FFD8FFE000104A4649460001'),(10011,true,'FFD8FFE000104A4649460001'),(10012,true,'FFD8FFE000104A4649460001'),(10013,true,'FFD8FFE000104A4649460001'),(10014,true,'FFD8FFE000104A4649460001'),(10015,true,'FFD8FFE000104A4649460001'),(10016,true,'FFD8FFE000104A4649460001'),(10017,true,'FFD8FFE000104A4649460001'),(10018,true,'FFD8FFE000104A4649460001'),(10019,true,'FFD8FFE000104A4649460001'),(10020,true,'FFD8FFE000104A4649460001'),(10021,true,'FFD8FFE000104A4649460001'),(10022,true,'FFD8FFE000104A4649460001'),(10023,true,'FFD8FFE000104A4649460001'),(10024,true,'FFD8FFE000104A4649460001'),(10025,true,'FFD8FFE000104A4649460001'),(10026,true,'FFD8FFE000104A4649460001'),(10027,true,'FFD8FFE000104A4649460001'),(10028,true,'FFD8FFE000104A4649460001'),(10029,true,'FFD8FFE000104A4649460001'),(10030,true,'FFD8FFE000104A4649460001'),(10031,true,'FFD8FFE000104A4649460001'),(10032,true,'FFD8FFE000104A4649460001'),(10033,true,'FFD8FFE000104A4649460001'),(10034,true,'FFD8FFE000104A4649460001'),(10035,true,'FFD8FFE000104A4649460001'),(10036,true,'FFD8FFE000104A4649460001'),(10037,true,'FFD8FFE000104A4649460001'),(10038,true,'FFD8FFE000104A4649460001'),(10039,true,'FFD8FFE000104A4649460001'),(10040,true,'FFD8FFE000104A4649460001'),(10041,true,'FFD8FFE000104A4649460001'),(10042,true,'FFD8FFE000104A4649460001'),(10043,true,'FFD8FFE000104A4649460001'),(10044,true,'FFD8FFE000104A4649460001'),(10045,true,'FFD8FFE000104A4649460001'),(10046,true,'FFD8FFE000104A4649460001'),(10047,true,'FFD8FFE000104A4649460001'),(10048,true,'FFD8FFE000104A4649460001'),(10049,true,'FFD8FFE000104A4649460001'),(10050,true,'FFD8FFE000104A4649460001'),(10051,true,'FFD8FFE000104A4649460001'),(10052,true,'FFD8FFE000104A4649460001'),(10053,true,'FFD8FFE000104A4649460001'),(10054,true,'FFD8FFE000104A4649460001'),(10055,true,'FFD8FFE000104A4649460001'),(10056,true,'FFD8FFE000104A4649460001'),(10057,true,'FFD8FFE000104A4649460001'),(10058,true,'FFD8FFE000104A4649460001'),(10059,true,'FFD8FFE000104A4649460001'),(10060,true,'FFD8FFE000104A4649460001'),(10061,true,'FFD8FFE000104A4649460001'),(10062,true,'FFD8FFE000104A4649460001'),(10063,true,'FFD8FFE000104A4649460001'),(10064,true,'FFD8FFE000104A4649460001'),(10065,true,'FFD8FFE000104A4649460001'),(10066,true,'FFD8FFE000104A4649460001'),(10067,true,'FFD8FFE000104A4649460001'),(10068,true,'FFD8FFE000104A4649460001'),(10069,true,'FFD8FFE000104A4649460001'),(10070,true,'FFD8FFE000104A4649460001'),(10071,true,'FFD8FFE000104A4649460001'),(10072,true,'FFD8FFE000104A4649460001'),(10073,true,'FFD8FFE000104A4649460001'),(10074,true,'FFD8FFE000104A4649460001'),(10075,true,'FFD8FFE000104A4649460001'),(10076,true,'FFD8FFE000104A4649460001'),(10077,true,'FFD8FFE000104A4649460001'),(10078,true,'FFD8FFE000104A4649460001'),(10079,true,'FFD8FFE000104A4649460001'),(10080,true,'FFD8FFE000104A4649460001');